wooper 085 073,https://www.cardrush-pokemon.jp/product/40587
kingambit 089 078,https://www.cardrush-pokemon.jp/product/39510
absol 191 172,https://www.cardrush-pokemon.jp/product/38371
moltres 190 172,https://www.cardrush-pokemon.jp/product/38370
darkrai 008 020,https://www.cardrush-pokemon.jp/product/33662
tyranitar 031 053,https://www.cardrush-pokemon.jp/product/21406
tyranitar 020 052,https://www.cardrush-pokemon.jp/product/1976
yveltal 071 062,https://www.cardrush-pokemon.jp/product/47860
tyranitar 079 071,https://www.cardrush-pokemon.jp/product/41841
greninja 025 055,https://www.cardrush-pokemon.jp/product/2892
tyranitar 059 095,https://www.cardrush-pokemon.jp/product/1872
houndoom 072 139,https://www.cardrush-pokemon.jp/product/44967
tyranitar 185 promo,https://www.cardrush-pokemon.jp/product/20650
Roaring Moon 054 066,https://www.cardrush-pokemon.jp/product/49192
darkrai 077 173,https://www.cardrush-pokemon.jp/product/5840
umbreon 058 095,https://www.cardrush-pokemon.jp/product/1907
darkrai 031 066,https://www.cardrush-pokemon.jp/product/812
morpeko 076 066,https://www.cardrush-pokemon.jp/product/49639
absol 126 108,https://www.cardrush-pokemon.jp/product/45917
moltres 242 184,https://www.cardrush-pokemon.jp/product/23018
crobat 243 184,https://www.cardrush-pokemon.jp/product/23019
gengar 002 019,https://www.cardrush-pokemon.jp/product/20609
crobat 152 promo,https://www.cardrush-pokemon.jp/product/17864
crobat 320 190,https://www.cardrush-pokemon.jp/product/17469
Poochyena 208 172,https://www.cardrush-pokemon.jp/product/38388
Samurott 230 172,https://www.cardrush-pokemon.jp/product/38410
Samurott 229 172,https://www.cardrush-pokemon.jp/product/38409
Drapion 227 172,https://www.cardrush-pokemon.jp/product/38407
eternatus 246 184,https://www.cardrush-pokemon.jp/product/23022
Grimmsnarl 322 190,https://www.cardrush-pokemon.jp/product/17471
samurott 078 067,https://www.cardrush-pokemon.jp/product/33702
eternatus 327 190,https://www.cardrush-pokemon.jp/product/17476
crobat 105 100,https://www.cardrush-pokemon.jp/product/13919
Purrloin 013 020,https://www.cardrush-pokemon.jp/product/47114
Skuntank 106 098,https://www.cardrush-pokemon.jp/product/37608
honchkrow 109 100,https://www.cardrush-pokemon.jp/product/24421
tyranitar 101 094,https://www.cardrush-pokemon.jp/product/4680
darkrai 228 172,https://www.cardrush-pokemon.jp/product/38408
darkrai 023 036,https://www.cardrush-pokemon.jp/product/18494
yvveltal 025 036,https://www.cardrush-pokemon.jp/product/18496
eternatus 247 184,https://www.cardrush-pokemon.jp/product/23023
sneasler 075 067,https://www.cardrush-pokemon.jp/product/34764
absol 302 promo,https://www.cardrush-pokemon.jp/product/36873
obstagoon 119 100,https://www.cardrush-pokemon.jp/product/14607
charizard 331 190,https://www.cardrush-pokemon.jp/product/51060
umbreon 010 031,https://www.cardrush-pokemon.jp/product/4628
tyranitar 099 095,https://www.cardrush-pokemon.jp/product/1873
darkrai 046 dp,https://www.cardrush-pokemon.jp/product/811
umbreon 161 promo,https://www.cardrush-pokemon.jp/product/19696
tyranitar 076 070,https://www.cardrush-pokemon.jp/product/18240
moltres 077 070,https://www.cardrush-pokemon.jp/product/18994
gengar 088 071,https://www.cardrush-pokemon.jp/product/53289
gastly 080 071,https://www.cardrush-pokemon.jp/product/53281
greninja 058 055,https://www.cardrush-pokemon.jp/product/2925
charizard 125 108,https://www.cardrush-pokemon.jp/product/45916
moltres 422 414,https://www.cardrush-pokemon.jp/product/23755
tyranitar 111 094,https://www.cardrush-pokemon.jp/product/4682
umbreon 037 060,https://www.cardrush-pokemon.jp/product/1282
umbreon 244 184,https://www.cardrush-pokemon.jp/product/23020
darkrai 037 xy promo,https://www.cardrush-pokemon.jp/product/18897
houndoom 089 070,https://www.cardrush-pokemon.jp/product/18239
umbreon 067 yu nagaba,https://www.cardrush-pokemon.jp/product/43153
charizard 139 108,https://www.cardrush-pokemon.jp/product/45930
umbreon 245 184,https://www.cardrush-pokemon.jp/product/23021
umbreon 084 069,https://www.cardrush-pokemon.jp/product/20750
slowking 080 070,https://www.cardrush-pokemon.jp/product/18997
umbreon 094 069,https://www.cardrush-pokemon.jp/product/20760
umbreon 115 bw,https://www.cardrush-pokemon.jp/product/18871
tyranitar 107 095,https://www.cardrush-pokemon.jp/product/1874
umbreon 181 173,https://www.cardrush-pokemon.jp/product/6021
houndour 050 promo,https://www.cardrush-pokemon.jp/product/45896
umbreon 012 025,https://www.cardrush-pokemon.jp/product/22390
greninja 223 173,https://www.cardrush-pokemon.jp/product/6063
roaring moon 090 066,https://www.cardrush-pokemon.jp/product/49653
tyranitar 102 094,https://www.cardrush-pokemon.jp/product/4681
greninja 059 055,https://www.cardrush-pokemon.jp/product/2926
sharpedo 074 070,https://www.cardrush-pokemon.jp/product/4022
yveltal 006 023,https://www.cardrush-pokemon.jp/product/7658
darkrai 024 036,https://www.cardrush-pokemon.jp/product/18495
m absol promo ex,https://www.cardrush-pokemon.jp/product/92
absol promo ex,https://www.cardrush-pokemon.jp/product/5621
tyranitar 077 070,https://www.cardrush-pokemon.jp/product/18241
charizard 349 190,https://www.cardrush-pokemon.jp/product/51078
charizard 134 108,https://www.cardrush-pokemon.jp/product/45925
umbreon 085 069,https://www.cardrush-pokemon.jp/product/20751
tyranitar 090 081,https://www.cardrush-pokemon.jp/product/18962
tyranitar 005 016,https://www.cardrush-pokemon.jp/product/18949
moltres 078 070,https://www.cardrush-pokemon.jp/product/18995
tyranitar 089 081,https://www.cardrush-pokemon.jp/product/18930
darkrai 055 049,https://www.cardrush-pokemon.jp/product/819
umbreon 063 060,https://www.cardrush-pokemon.jp/product/1283
darkrai 072 069,https://www.cardrush-pokemon.jp/product/4299
scizor 066 084,https://www.cardrush-pokemon.jp/product/37449
umbreon 125 promo,https://www.cardrush-pokemon.jp/product/1281
darkrai 182 173,https://www.cardrush-pokemon.jp/product/6022
gengar 020 019,https://www.cardrush-pokemon.jp/product/20768
yveltal 187 171,https://www.cardrush-pokemon.jp/product/6204
darkrai 063 049,https://www.cardrush-pokemon.jp/product/816
umbreon 229 150,https://www.cardrush-pokemon.jp/product/2392
umbreon 069 060,https://www.cardrush-pokemon.jp/product/1280
umbreon 095 069,https://www.cardrush-pokemon.jp/product/20761
yveltal 018 032,https://www.cardrush-pokemon.jp/product/18546
sharpedo 044 070,https://www.cardrush-pokemon.jp/product/4020
sharpedo 070 171,https://www.cardrush-pokemon.jp/product/4023
gengar 253 414,https://www.cardrush-pokemon.jp/product/23511
sharpedo 071 171,https://www.cardrush-pokemon.jp/product/4018
charizard 066 108,https://www.cardrush-pokemon.jp/product/45757
yveltal 075 131,https://www.cardrush-pokemon.jp/product/2777
tyranitar 011 020,https://www.cardrush-pokemon.jp/product/1707
tyranitar 012 020,https://www.cardrush-pokemon.jp/product/1706
tyranitar 054 094,https://www.cardrush-pokemon.jp/product/4565
sharpedo 072 082,https://www.cardrush-pokemon.jp/product/4021
darkrai 072 171,https://www.cardrush-pokemon.jp/product/813
darkrai 055 080,https://www.cardrush-pokemon.jp/product/814
darkrai 064 114,https://www.cardrush-pokemon.jp/product/818
darkrai 021 046,https://www.cardrush-pokemon.jp/product/4297
darkrai 044 069,https://www.cardrush-pokemon.jp/product/4298
darkrai 040 049,https://www.cardrush-pokemon.jp/product/817
darkrai 072 093,https://www.cardrush-pokemon.jp/product/4300
darkrai promo bw,https://www.cardrush-pokemon.jp/product/4301
articuno 010 020,https://www.cardrush-pokemon.jp/product/37446
moltres 014 020,https://www.cardrush-pokemon.jp/product/122
absol 027 040,https://www.cardrush-pokemon.jp/product/45660
zapdos 063 084,https://www.cardrush-pokemon.jp/product/37447
suicune 069 084,https://www.cardrush-pokemon.jp/product/37452
raikou 026 pcg,https://www.cardrush-pokemon.jp/product/18777
raikou 035 pcg,https://www.cardrush-pokemon.jp/product/18778
umbreon 068 092,https://www.cardrush-pokemon.jp/product/21971
umbreon 091 106,https://www.cardrush-pokemon.jp/product/36756
umbreon 091 141,https://www.cardrush-pokemon.jp/product/7627
shining tyranitar,https://www.cardrush-pokemon.jp/product/21614
shining tyranitar,https://www.cardrush-pokemon.jp/product/5643
sneasel 036 promo,https://www.cardrush-pokemon.jp/product/48156
sneasel 067 084,https://www.cardrush-pokemon.jp/product/20928
zoroark 007 bw,https://www.cardrush-pokemon.jp/product/3697
sharpedo 178 171,https://www.cardrush-pokemon.jp/product/4019
absol 035 adv,https://www.cardrush-pokemon.jp/product/20935
yveltal 063 060,https://www.cardrush-pokemon.jp/product/18959
celebi 071 084,https://www.cardrush-pokemon.jp/product/37453
persian 036 pcg,https://www.cardrush-pokemon.jp/product/5674
hitmonchan 060 084,https://www.cardrush-pokemon.jp/product/37448
darkrai 021 promo,https://www.cardrush-pokemon.jp/product/45494
darkrai 007 ppp,https://www.cardrush-pokemon.jp/product/18797
umbreon 037 080,https://www.cardrush-pokemon.jp/product/20938
darkrai 085 080,https://www.cardrush-pokemon.jp/product/815
umbreon 025 promo,https://www.cardrush-pokemon.jp/product/48150
,
leafon 012 172,https://www.cardrush-pokemon.jp/product/38096
shaymin 013 010,https://www.cardrush-pokemon.jp/product/24285
venusaur 001 414,https://www.cardrush-pokemon.jp/product/23190
celebi 004 070,https://www.cardrush-pokemon.jp/product/20083
celebi 003 070,https://www.cardrush-pokemon.jp/product/20082
rillaboom 010 190,https://www.cardrush-pokemon.jp/product/16993
celebi 001 023,https://www.cardrush-pokemon.jp/product/6700
leafeon 011 172,https://www.cardrush-pokemon.jp/product/38095
serperior 006 068,https://www.cardrush-pokemon.jp/product/36895
leafeon 269 promo,https://www.cardrush-pokemon.jp/product/24678
leafeon 018 414,https://www.cardrush-pokemon.jp/product/23213
leafeon 002 069,https://www.cardrush-pokemon.jp/product/20652
leafeon 003 069,https://www.cardrush-pokemon.jp/product/20653
rillaboom 171 promo,https://www.cardrush-pokemon.jp/product/19016
sceptile 010 173,https://www.cardrush-pokemon.jp/product/5724
sceptile 005 050,https://www.cardrush-pokemon.jp/product/1729
Poltchageist 068 066,https://www.cardrush-pokemon.jp/product/54788
shiftry 072 071,https://www.cardrush-pokemon.jp/product/53302
venusaur 003 049,https://www.cardrush-pokemon.jp/product/50161
Dottler 067 066,https://www.cardrush-pokemon.jp/product/49659
Toedscruel 068 066,https://www.cardrush-pokemon.jp/product/49660
venusaur 003 165,https://www.cardrush-pokemon.jp/product/43344
venusaur 001 021,https://www.cardrush-pokemon.jp/product/17788
butterfree 002 070,https://www.cardrush-pokemon.jp/product/13103
pinsir 067 066,https://www.cardrush-pokemon.jp/product/54787
grotle 072 071,https://www.cardrush-pokemon.jp/product/53273
Deerling 073 071,https://www.cardrush-pokemon.jp/product/53303
Sawsbuck 074 071,https://www.cardrush-pokemon.jp/product/53304
scyther 194 190,https://www.cardrush-pokemon.jp/product/50923
gloom 109 108,https://www.cardrush-pokemon.jp/product/45900
caterpie 172 165,https://www.cardrush-pokemon.jp/product/43831
tangela 178 165,https://www.cardrush-pokemon.jp/product/43837
heracross 072 071,https://www.cardrush-pokemon.jp/product/41834
Bramblin 072 071,https://www.cardrush-pokemon.jp/product/41806
tropius 074 073,https://www.cardrush-pokemon.jp/product/40576
Floragato 076 073,https://www.cardrush-pokemon.jp/product/40578
Doliv 079 078,https://www.cardrush-pokemon.jp/product/39500
Tarountula 079 078,https://www.cardrush-pokemon.jp/product/39530
Toedscool 080 078,https://www.cardrush-pokemon.jp/product/39531
Scovillain 081 078,https://www.cardrush-pokemon.jp/product/39532
Kricketune 174 172,https://www.cardrush-pokemon.jp/product/38354
voltorb 173 172,https://www.cardrush-pokemon.jp/product/38353
Parasect 072 071,https://www.cardrush-pokemon.jp/product/35351
Roserade 068 067,https://www.cardrush-pokemon.jp/product/33692
Abomasnow 185 184,https://www.cardrush-pokemon.jp/product/22964
Flapple 186 184,https://www.cardrush-pokemon.jp/product/22965
grookey 203 190,https://www.cardrush-pokemon.jp/product/17352
meganium 005 095,https://www.cardrush-pokemon.jp/product/1843
shaymin 011 173,https://www.cardrush-pokemon.jp/product/5725
buzzwole 001 054,https://www.cardrush-pokemon.jp/product/3063
butterfree 001 070,https://www.cardrush-pokemon.jp/product/13102
decidueye 004 059,https://www.cardrush-pokemon.jp/product/713
decidueye 003 051,https://www.cardrush-pokemon.jp/product/715
leafeon 268 promo,https://www.cardrush-pokemon.jp/product/24677
vileplume 003 049,https://www.cardrush-pokemon.jp/product/5137
rowlet 001 004,https://www.cardrush-pokemon.jp/product/4242
celebi 015 095,https://www.cardrush-pokemon.jp/product/1851
ivysaur 167 165,https://www.cardrush-pokemon.jp/product/43826
radiant venusaur 004 071,https://www.cardrush-pokemon.jp/product/35730
venusaur 002 021,https://www.cardrush-pokemon.jp/product/17789
rowlet 001 054,https://www.cardrush-pokemon.jp/product/4322
rowlet 200 190,https://www.cardrush-pokemon.jp/product/17349
venusaur 001 127,https://www.cardrush-pokemon.jp/product/14156
sceptile 006 171,https://www.cardrush-pokemon.jp/product/4030
sceptile 007 081,https://www.cardrush-pokemon.jp/product/4035
sceptile 006 131,https://www.cardrush-pokemon.jp/product/4036
genesect 010 076,https://www.cardrush-pokemon.jp/product/3889
venusaur 003 150 ultra shiny,https://www.cardrush-pokemon.jp/product/2391
bulbasaur 166 165,https://www.cardrush-pokemon.jp/product/43825
paras 207 172,https://www.cardrush-pokemon.jp/product/38387
bulbasaur 337 promo,https://www.cardrush-pokemon.jp/product/38082
serperior 075 068,https://www.cardrush-pokemon.jp/product/37014
shaymin 101 100,https://www.cardrush-pokemon.jp/product/24413
kricketune 213 184,https://www.cardrush-pokemon.jp/product/22992
venusaur 233 promo,https://www.cardrush-pokemon.jp/product/20885
rillaboom 304 190,https://www.cardrush-pokemon.jp/product/17453
rillaboom 305 190,https://www.cardrush-pokemon.jp/product/17454
venusaur 001 064,https://www.cardrush-pokemon.jp/product/4965
venusaur 001 095,https://www.cardrush-pokemon.jp/product/2598
bulbasaur 001 150,https://www.cardrush-pokemon.jp/product/2389
scyther 161 150,https://www.cardrush-pokemon.jp/product/2284
leafeon 012 066,https://www.cardrush-pokemon.jp/product/1576
Iron Leaves 084 071,https://www.cardrush-pokemon.jp/product/53314
Sprigatito 075 073,https://www.cardrush-pokemon.jp/product/40577
serperior 086 068,https://www.cardrush-pokemon.jp/product/37025
serperior 092 068,https://www.cardrush-pokemon.jp/product/37031
shaymin 117 100,https://www.cardrush-pokemon.jp/product/24429
celebi 071 070,https://www.cardrush-pokemon.jp/product/20168
shaymin 003 036,https://www.cardrush-pokemon.jp/product/18476
chespin 001 027,https://www.cardrush-pokemon.jp/product/18507
sprigatito 201 190,https://www.cardrush-pokemon.jp/product/50930
Spidops 101 078,https://www.cardrush-pokemon.jp/product/39552
virizion 074 067,https://www.cardrush-pokemon.jp/product/33698
orbeetle 214 184,https://www.cardrush-pokemon.jp/product/22993
orbeetle 215 184,https://www.cardrush-pokemon.jp/product/22994
leafeon 215 promo,https://www.cardrush-pokemon.jp/product/22177
Serperior 003 020,https://www.cardrush-pokemon.jp/product/47105
venusaur 184 165,https://www.cardrush-pokemon.jp/product/43843
buzzwole 055 054,https://www.cardrush-pokemon.jp/product/3117
sceptile 051 050,https://www.cardrush-pokemon.jp/product/1730
celebi 084 070,https://www.cardrush-pokemon.jp/product/20181
turtwig 206 172,https://www.cardrush-pokemon.jp/product/38386
chikorita 001 032,https://www.cardrush-pokemon.jp/product/18533
celebi 009 076,https://www.cardrush-pokemon.jp/product/14044
celebi 001 036,https://www.cardrush-pokemon.jp/product/18474
rowlet 162 150,https://www.cardrush-pokemon.jp/product/2431
leafeon 382 promo,https://www.cardrush-pokemon.jp/product/5532
bulbasaur 050 049,https://www.cardrush-pokemon.jp/product/50208
leafeon 068 yu nagaba,https://www.cardrush-pokemon.jp/product/43154
beedrill 069 067,https://www.cardrush-pokemon.jp/product/34758
butterfree 079 070,https://www.cardrush-pokemon.jp/product/13180
sceptile 057 050,https://www.cardrush-pokemon.jp/product/1731
Wo-Chien 092 071,https://www.cardrush-pokemon.jp/product/41826
rillaboom 084 070,https://www.cardrush-pokemon.jp/product/13185
Meowscarada 101 073,https://www.cardrush-pokemon.jp/product/40603
lilligant 069 067,https://www.cardrush-pokemon.jp/product/34737
serperior 198 promo bw,https://www.cardrush-pokemon.jp/product/22606
turtwig 001 ppp,https://www.cardrush-pokemon.jp/product/18882
venusaur 096 095,https://www.cardrush-pokemon.jp/product/2693
celebi 10th,https://www.cardrush-pokemon.jp/product/47581
leafeon 210 172,https://www.cardrush-pokemon.jp/product/38390
venusaur 065 064,https://www.cardrush-pokemon.jp/product/5029
Sinistcha 089 066,https://www.cardrush-pokemon.jp/product/54809
leafeon 088 069,https://www.cardrush-pokemon.jp/product/20754
genesect 010 072,https://www.cardrush-pokemon.jp/product/1173
iron leaves 093 071,https://www.cardrush-pokemon.jp/product/53323
sceptile 163 xy,https://www.cardrush-pokemon.jp/product/4033
venusaur 002 025 25th japanese,https://www.cardrush-pokemon.jp/product/22380
venusaur 074 064,https://www.cardrush-pokemon.jp/product/5038
oddish 002 018,https://www.cardrush-pokemon.jp/product/48310
venusaur 002 087,https://www.cardrush-pokemon.jp/product/19704
venusaur 110 095,https://www.cardrush-pokemon.jp/product/2707
venusaur 200 165,https://www.cardrush-pokemon.jp/product/43859
buzzwole 056 054,https://www.cardrush-pokemon.jp/product/3118
chikorita 005 promo,https://www.cardrush-pokemon.jp/product/20903
vileplume 069 049,https://www.cardrush-pokemon.jp/product/5203
venusaur 066 064,https://www.cardrush-pokemon.jp/product/5030
celebi 004 072,https://www.cardrush-pokemon.jp/product/1175
leafeon 067 066,https://www.cardrush-pokemon.jp/product/1577
serperior 084 068,https://www.cardrush-pokemon.jp/product/37023
celebi 175 promo,https://www.cardrush-pokemon.jp/product/20165
leafeon 192 promo xy,https://www.cardrush-pokemon.jp/product/18872
meowscarada 096 073,https://www.cardrush-pokemon.jp/product/40598
celebi 142 xy promo,https://www.cardrush-pokemon.jp/product/18868
venusaur 097 095,https://www.cardrush-pokemon.jp/product/2694
chikorita 373 promo,https://www.cardrush-pokemon.jp/product/5115
vileplume 062 049,https://www.cardrush-pokemon.jp/product/5196
Exeggutor 056 054,https://www.cardrush-pokemon.jp/product/4408
heracross 104 096,https://www.cardrush-pokemon.jp/product/18987
shaymin 004 036,https://www.cardrush-pokemon.jp/product/18477
celebi 002 036,https://www.cardrush-pokemon.jp/product/18475
virizion 077 076,https://www.cardrush-pokemon.jp/product/18958
heracross 097 096,https://www.cardrush-pokemon.jp/product/18946
leafeon 206 150,https://www.cardrush-pokemon.jp/product/2463
leafeon 071 069,https://www.cardrush-pokemon.jp/product/20737
sceptile 082 081,https://www.cardrush-pokemon.jp/product/4034
virizion 067 066,https://www.cardrush-pokemon.jp/product/18937
shaymin 053 052,https://www.cardrush-pokemon.jp/product/18947
sceptile 083 081,https://www.cardrush-pokemon.jp/product/4026
leafeon 073 066,https://www.cardrush-pokemon.jp/product/1575
chikorita 003 018,https://www.cardrush-pokemon.jp/product/20991
celebi 060 059,https://www.cardrush-pokemon.jp/product/18924
venusaur 061 060,https://www.cardrush-pokemon.jp/product/18929
rowlet 290 promo,https://www.cardrush-pokemon.jp/product/2588
venusaur 088 087,https://www.cardrush-pokemon.jp/product/18904
leafeon 089 069,https://www.cardrush-pokemon.jp/product/20755
venusaur 041 048,https://www.cardrush-pokemon.jp/product/20937
virizion 084 076,https://www.cardrush-pokemon.jp/product/18982
Exeggcute 083 076,https://www.cardrush-pokemon.jp/product/3703
serperior 054 050,https://www.cardrush-pokemon.jp/product/18981
celebi 003 094,https://www.cardrush-pokemon.jp/product/4514
shaymin 006 150,https://www.cardrush-pokemon.jp/product/2265
leafeon 003 069,https://www.cardrush-pokemon.jp/product/20653
sceptile 006 080,https://www.cardrush-pokemon.jp/product/4032
sceptile 008 081,https://www.cardrush-pokemon.jp/product/4027
sceptile 007 171,https://www.cardrush-pokemon.jp/product/4028
sceptile 007 131,https://www.cardrush-pokemon.jp/product/4029
Snivy 001 020,https://www.cardrush-pokemon.jp/product/47103
Servine 002 020,https://www.cardrush-pokemon.jp/product/47104
chespin 260 promo,https://www.cardrush-pokemon.jp/product/19953
venusaur 001 087,https://www.cardrush-pokemon.jp/product/19703
vileplume 003 171 reverse,https://www.cardrush-pokemon.jp/product/6213
rowlet 001 026,https://www.cardrush-pokemon.jp/product/1531
rowlet 049 promo,https://www.cardrush-pokemon.jp/product/19909
rowlet 062 promo,https://www.cardrush-pokemon.jp/product/1532
hoppip 029 promo,https://www.cardrush-pokemon.jp/product/48153
treecko 037 pcg,https://www.cardrush-pokemon.jp/product/18881
bulbasaur 030 dpt,https://www.cardrush-pokemon.jp/product/20923
rowlet 169 promo,https://www.cardrush-pokemon.jp/product/19935
celebi 006 promo,https://www.cardrush-pokemon.jp/product/21972
grookey 007 promo,https://www.cardrush-pokemon.jp/product/6836
scyther 049 promo,https://www.cardrush-pokemon.jp/product/45895
bulbasaur 001 018,https://www.cardrush-pokemon.jp/product/48309
celebi play 012,https://www.cardrush-pokemon.jp/product/20975
venusaur cd promo,https://www.cardrush-pokemon.jp/product/1247
Cherrim 002 016 scramble,https://www.cardrush-pokemon.jp/product/48291
celebi 042 promo,https://www.cardrush-pokemon.jp/product/20980
leafeon 182 bw,https://www.cardrush-pokemon.jp/product/22012
venusaur 097 128,https://www.cardrush-pokemon.jp/product/20999
venusaur 001 016 scramble,https://www.cardrush-pokemon.jp/product/48290
venusaur base set,https://www.cardrush-pokemon.jp/product/1246
celebi reverse 007 080,https://www.cardrush-pokemon.jp/product/45644
celebi 006 play,https://www.cardrush-pokemon.jp/product/21602
celebi 006 play,https://www.cardrush-pokemon.jp/product/5635
venusaur 012 promo,https://www.cardrush-pokemon.jp/product/18749
shaymin 212 xy promo,https://www.cardrush-pokemon.jp/product/4025
celebi gold star 004 075,https://www.cardrush-pokemon.jp/product/21601
celebi gold star 004 075,https://www.cardrush-pokemon.jp/product/21600
celebi gold star 004 075,https://www.cardrush-pokemon.jp/product/7745
celebi gold star 004 075,https://www.cardrush-pokemon.jp/product/5676
treecko gold star 011 084,https://www.cardrush-pokemon.jp/product/21576
treecko gold star 011 084,https://www.cardrush-pokemon.jp/product/21575
treecko gold star 011 084,https://www.cardrush-pokemon.jp/product/7654
treecko gold star 011 084,https://www.cardrush-pokemon.jp/product/6579
shining celebi japanese,https://www.cardrush-pokemon.jp/product/21612
shining celebi japanese,https://www.cardrush-pokemon.jp/product/5642
,
charizard 011 072,https://www.cardrush-pokemon.jp/product/104