absol 191 172,https://www.cardrush-pokemon.jp/product/38371
moltres 190 172,https://www.cardrush-pokemon.jp/product/38370
darkrai 008 020,https://www.cardrush-pokemon.jp/product/33662
tyranitar 031 053,https://www.cardrush-pokemon.jp/product/21406
tyranitar 020 052,https://www.cardrush-pokemon.jp/product/1976
yveltal 071 062,https://www.cardrush-pokemon.jp/product/47860
tyranitar 079 071,https://www.cardrush-pokemon.jp/product/41841
greninja 025 055,https://www.cardrush-pokemon.jp/product/2892
tyranitar 059 095,https://www.cardrush-pokemon.jp/product/1872
houndoom 072 139,https://www.cardrush-pokemon.jp/product/44967
tyranitar 185 promo,https://www.cardrush-pokemon.jp/product/20650
Roaring Moon 054 066,https://www.cardrush-pokemon.jp/product/49192
darkrai 077 173,https://www.cardrush-pokemon.jp/product/5840
umbreon 058 095,https://www.cardrush-pokemon.jp/product/1907
darkrai 031 066,https://www.cardrush-pokemon.jp/product/812
morpeko 076 066,https://www.cardrush-pokemon.jp/product/49639
absol 126 108,https://www.cardrush-pokemon.jp/product/45917
moltres 242 184,https://www.cardrush-pokemon.jp/product/23018
crobat 243 184,https://www.cardrush-pokemon.jp/product/23019
gengar 002 019,https://www.cardrush-pokemon.jp/product/20609
crobat 152 promo,https://www.cardrush-pokemon.jp/product/17864
crobat 320 190,https://www.cardrush-pokemon.jp/product/17469
Poochyena 208 172,https://www.cardrush-pokemon.jp/product/38388
Samurott 230 172,https://www.cardrush-pokemon.jp/product/38410
Samurott 229 172,https://www.cardrush-pokemon.jp/product/38409
Drapion 227 172,https://www.cardrush-pokemon.jp/product/38407
eternatus 246 184,https://www.cardrush-pokemon.jp/product/23022
Grimmsnarl 322 190,https://www.cardrush-pokemon.jp/product/17471
samurott 078 067,https://www.cardrush-pokemon.jp/product/33702
eternatus 327 190,https://www.cardrush-pokemon.jp/product/17476
crobat 105 100,https://www.cardrush-pokemon.jp/product/13919
Purrloin 013 020,https://www.cardrush-pokemon.jp/product/47114
Skuntank 106 098,https://www.cardrush-pokemon.jp/product/37608
honchkrow 109 100,https://www.cardrush-pokemon.jp/product/24421
tyranitar 101 094,https://www.cardrush-pokemon.jp/product/4680
darkrai 228 172,https://www.cardrush-pokemon.jp/product/38408
darkrai 023 036,https://www.cardrush-pokemon.jp/product/18494
yvveltal 025 036,https://www.cardrush-pokemon.jp/product/18496
eternatus 247 184,https://www.cardrush-pokemon.jp/product/23023
sneasler 075 067,https://www.cardrush-pokemon.jp/product/34764
absol 302 promo,https://www.cardrush-pokemon.jp/product/36873
obstagoon 119 100,https://www.cardrush-pokemon.jp/product/14607
charizard 331 190,https://www.cardrush-pokemon.jp/product/51060
umbreon 010 031,https://www.cardrush-pokemon.jp/product/4628
tyranitar 099 095,https://www.cardrush-pokemon.jp/product/1873
darkrai 046 dp,https://www.cardrush-pokemon.jp/product/811
umbreon 161 promo,https://www.cardrush-pokemon.jp/product/19696
tyranitar 076 070,https://www.cardrush-pokemon.jp/product/18240
moltres 077 070,https://www.cardrush-pokemon.jp/product/18994
gengar 088 071,https://www.cardrush-pokemon.jp/product/53289
gastly 080 071,https://www.cardrush-pokemon.jp/product/53281
greninja 058 055,https://www.cardrush-pokemon.jp/product/2925
charizard 125 108,https://www.cardrush-pokemon.jp/product/45916
moltres 422 414,https://www.cardrush-pokemon.jp/product/23755
tyranitar 111 094,https://www.cardrush-pokemon.jp/product/4682
umbreon 037 060,https://www.cardrush-pokemon.jp/product/1282
umbreon 244 184,https://www.cardrush-pokemon.jp/product/23020
darkrai 037 xy promo,https://www.cardrush-pokemon.jp/product/18897
houndoom 089 070,https://www.cardrush-pokemon.jp/product/18239
umbreon 067 yu nagaba,https://www.cardrush-pokemon.jp/product/43153
charizard 139 108,https://www.cardrush-pokemon.jp/product/45930
umbreon 245 184,https://www.cardrush-pokemon.jp/product/23021
umbreon 084 069,https://www.cardrush-pokemon.jp/product/20750
slowking 080 070,https://www.cardrush-pokemon.jp/product/18997
umbreon 094 069,https://www.cardrush-pokemon.jp/product/20760
umbreon 115 bw,https://www.cardrush-pokemon.jp/product/18871
tyranitar 107 095,https://www.cardrush-pokemon.jp/product/1874
umbreon 181 173,https://www.cardrush-pokemon.jp/product/6021
houndour 050 promo,https://www.cardrush-pokemon.jp/product/45896
umbreon 012 025,https://www.cardrush-pokemon.jp/product/22390
greninja 223 173,https://www.cardrush-pokemon.jp/product/6063
roaring moon 090 066,https://www.cardrush-pokemon.jp/product/49653
tyranitar 102 094,https://www.cardrush-pokemon.jp/product/4681
greninja 059 055,https://www.cardrush-pokemon.jp/product/2926
sharpedo 074 070,https://www.cardrush-pokemon.jp/product/4022
yveltal 006 023,https://www.cardrush-pokemon.jp/product/7658
darkrai 024 036,https://www.cardrush-pokemon.jp/product/18495
m absol promo ex,https://www.cardrush-pokemon.jp/product/92
absol promo ex,https://www.cardrush-pokemon.jp/product/5621
tyranitar 077 070,https://www.cardrush-pokemon.jp/product/18241
charizard 349 190,https://www.cardrush-pokemon.jp/product/51078
charizard 134 108,https://www.cardrush-pokemon.jp/product/45925
umbreon 085 069,https://www.cardrush-pokemon.jp/product/20751
tyranitar 090 081,https://www.cardrush-pokemon.jp/product/18962
tyranitar 005 016,https://www.cardrush-pokemon.jp/product/18949
moltres 078 070,https://www.cardrush-pokemon.jp/product/18995
tyranitar 089 081,https://www.cardrush-pokemon.jp/product/18930
darkrai 055 049,https://www.cardrush-pokemon.jp/product/819
umbreon 063 060,https://www.cardrush-pokemon.jp/product/1283
darkrai 072 069,https://www.cardrush-pokemon.jp/product/4299