plusle 065 062,https://www.cardrush-pokemon.jp/product/47854
pikachu 014 071 reverse,https://www.cardrush-pokemon.jp/product/35306
pikachu 126 promo,https://www.cardrush-pokemon.jp/product/14573
pikachu 125 promo,https://www.cardrush-pokemon.jp/product/14572
pikachu ex 018 066,https://www.cardrush-pokemon.jp/product/54230
pikachu 025 165 reverse -master,https://www.cardrush-pokemon.jp/product/43527
pikachu vmax 265 promo,https://www.cardrush-pokemon.jp/product/24562
pikachu vmax 024 028,https://www.cardrush-pokemon.jp/product/22369
pikachu v 122 promo,https://www.cardrush-pokemon.jp/product/14569
pikachu 014 024,https://www.cardrush-pokemon.jp/product/4425
jolteon 299 promo,https://www.cardrush-pokemon.jp/product/2862
raichu 014 051,https://www.cardrush-pokemon.jp/product/2134
pikachu 026 069,https://www.cardrush-pokemon.jp/product/20676
raichu 237 190,https://www.cardrush-pokemon.jp/product/50966
tyranitar 122 108,https://www.cardrush-pokemon.jp/product/45913
zapdos 194 165,https://www.cardrush-pokemon.jp/product/43853
pikachu ex 001 021,https://www.cardrush-pokemon.jp/product/40881
pikachu 272 promo,https://www.cardrush-pokemon.jp/product/35808
pikachu 034 139,https://www.cardrush-pokemon.jp/product/44929
pikachu 025 165,https://www.cardrush-pokemon.jp/product/43366
pikachu 017 071,https://www.cardrush-pokemon.jp/product/41078
pikachu 023 071,https://www.cardrush-pokemon.jp/product/53009
pikachu 024 098,https://www.cardrush-pokemon.jp/product/37516
pikachu 014 071,https://www.cardrush-pokemon.jp/product/35238
pikachu 027 071,https://www.cardrush-pokemon.jp/product/35753
Flaaffy 194 184,https://www.cardrush-pokemon.jp/product/22973
luxray 070 067,https://www.cardrush-pokemon.jp/product/34738
raichu 100 promo,https://www.cardrush-pokemon.jp/product/19919
raichu 157 promo,https://www.cardrush-pokemon.jp/product/19930
magneton 036 087,https://www.cardrush-pokemon.jp/product/19733
pikachu 121 promo,https://www.cardrush-pokemon.jp/product/14568
pikachu 024 promo,https://www.cardrush-pokemon.jp/product/7623
raichu 106 100,https://www.cardrush-pokemon.jp/product/24418
pikachu zekrom 041 173,https://www.cardrush-pokemon.jp/product/5778
jolteon 042 173 reverse,https://www.cardrush-pokemon.jp/product/5780
pikachu 033 087,https://www.cardrush-pokemon.jp/product/1130
dedenne 342 promo,https://www.cardrush-pokemon.jp/product/39043
zeraora 220 172,https://www.cardrush-pokemon.jp/product/38400
zeraora 219 172,https://www.cardrush-pokemon.jp/product/38399
zapdos 008 025 25th,https://www.cardrush-pokemon.jp/product/22386
pikachu 032 131,https://www.cardrush-pokemon.jp/product/20967
jolteon vmax 003 004,https://www.cardrush-pokemon.jp/product/20722
raikou 015 076,https://www.cardrush-pokemon.jp/product/14050
raichu 008 054,https://www.cardrush-pokemon.jp/product/3950
pikachu zekrom 031 095,https://www.cardrush-pokemon.jp/product/2628
pikachu 015 050,https://www.cardrush-pokemon.jp/product/1128
morpeko 062 060,https://www.cardrush-pokemon.jp/product/7034
pikachu 001 sv promo,https://www.cardrush-pokemon.jp/product/38015
boltund 225 184,https://www.cardrush-pokemon.jp/product/23004
pichu 214 promo,https://www.cardrush-pokemon.jp/product/35636
jolteon 114 promo,https://www.cardrush-pokemon.jp/product/14638
pawmi 340 190,https://www.cardrush-pokemon.jp/product/51069
zapdos 040 087,https://www.cardrush-pokemon.jp/product/19737
pikachu 124 promo,https://www.cardrush-pokemon.jp/product/14571
pikachu 367 promo,https://www.cardrush-pokemon.jp/product/5051
pikachu 028 114 reverse,https://www.cardrush-pokemon.jp/product/1120
pikachu 022 060,https://www.cardrush-pokemon.jp/product/1129
pikachu 173 165,https://www.cardrush-pokemon.jp/product/43832
mareep 209 172,https://www.cardrush-pokemon.jp/product/38389
raikou 218 172,https://www.cardrush-pokemon.jp/product/38398
electrode 092 070,https://www.cardrush-pokemon.jp/product/20166
pikachu 001 028 reverse,https://www.cardrush-pokemon.jp/product/22406
pikachu 040 sv chinese,https://www.cardrush-pokemon.jp/product/46218
zeraora 224 184,https://www.cardrush-pokemon.jp/product/23003
tapu koko 086 062,https://www.cardrush-pokemon.jp/product/47875
jolteon 078 069,https://www.cardrush-pokemon.jp/product/20744
raichu 034 087,https://www.cardrush-pokemon.jp/product/19731
raichu 011 032,https://www.cardrush-pokemon.jp/product/18540
pikachu 073 071,https://www.cardrush-pokemon.jp/product/35352
jolteon 064 yu nagaba,https://www.cardrush-pokemon.jp/product/43150
pikachu 018 051,https://www.cardrush-pokemon.jp/product/3545
zapdos 305 promo,https://www.cardrush-pokemon.jp/product/3544
mareep 008 promo,https://www.cardrush-pokemon.jp/product/20904
pikachu 001 024 reverse,https://www.cardrush-pokemon.jp/product/6627
ampharos 059 052,https://www.cardrush-pokemon.jp/product/1962
pikachu 098 sv promo,https://www.cardrush-pokemon.jp/product/48375
pikachu 001 024,https://www.cardrush-pokemon.jp/product/24616
pikachu 098 sv promo,https://www.cardrush-pokemon.jp/product/48374
pikachu 377 promo,https://www.cardrush-pokemon.jp/product/5240
pikachu 214 promo,https://www.cardrush-pokemon.jp/product/1156
mareep 012 018,https://www.cardrush-pokemon.jp/product/48316
Chinchou 011 018,https://www.cardrush-pokemon.jp/product/48315
zekrom 021 025 25th,https://www.cardrush-pokemon.jp/product/22399
pikachu yu nagaba 208 promo,https://www.cardrush-pokemon.jp/product/21543
pikachu yu nagaba 208 promo,https://www.cardrush-pokemon.jp/product/21558
pikachu yu nagaba 208 promo,https://www.cardrush-pokemon.jp/product/21544
pikachu 104 100,https://www.cardrush-pokemon.jp/product/14592
pikachu 415 414,https://www.cardrush-pokemon.jp/product/23756
dedenne 012 032,https://www.cardrush-pokemon.jp/product/18541
zapdos 279 promo,https://www.cardrush-pokemon.jp/product/2577
pikachu 222 184,https://www.cardrush-pokemon.jp/product/23001
pikachu 307 promo,https://www.cardrush-pokemon.jp/product/3694
pikachu 376 promo,https://www.cardrush-pokemon.jp/product/5239
raichu 064 054,https://www.cardrush-pokemon.jp/product/4006
jolteon 032 171,https://www.cardrush-pokemon.jp/product/3719
pikachu 249 promo,https://www.cardrush-pokemon.jp/product/3412
pikachu 279 184,https://www.cardrush-pokemon.jp/product/23055
pikachu 144 promo,https://www.cardrush-pokemon.jp/product/17494
pikachu 392 promo,https://www.cardrush-pokemon.jp/product/5221
pikachu 291 promo,https://www.cardrush-pokemon.jp/product/2861
pikachu 236 190,https://www.cardrush-pokemon.jp/product/50965
pikachu 242 promo,https://www.cardrush-pokemon.jp/product/4275
jolteon 135 165 masterball,https://www.cardrush-pokemon.jp/product/43796
raichu 026 165 masterball,https://www.cardrush-pokemon.jp/product/43693
zapdos 204 165,https://www.cardrush-pokemon.jp/product/43863
pikachu 054 049,https://www.cardrush-pokemon.jp/product/5188
pikachu zekrom 100 095,https://www.cardrush-pokemon.jp/product/2697
pikachu 223 184,https://www.cardrush-pokemon.jp/product/23002
minun 005 play,https://www.cardrush-pokemon.jp/product/18867
plusle 004 play,https://www.cardrush-pokemon.jp/product/18866
jolteon 195 promo,https://www.cardrush-pokemon.jp/product/3718
pikachu 044 promo,https://www.cardrush-pokemon.jp/product/1152
zeraora 074 070,https://www.cardrush-pokemon.jp/product/20171
zekrom 009 027,https://www.cardrush-pokemon.jp/product/18514
pikachu 179 promo,https://www.cardrush-pokemon.jp/product/1140
pikachu 007 025 25th,https://www.cardrush-pokemon.jp/product/22385
pikachu 095 dp promo,https://www.cardrush-pokemon.jp/product/18869
pikachu 132 promo,https://www.cardrush-pokemon.jp/product/14577
raichu 074 072,https://www.cardrush-pokemon.jp/product/1558
pikachu 002 promo,https://www.cardrush-pokemon.jp/product/6574
dedenne 175 173,https://www.cardrush-pokemon.jp/product/6015
red's pikachu 270 promo,https://www.cardrush-pokemon.jp/product/1836
pikachu 337 promo,https://www.cardrush-pokemon.jp/product/14725
pikachu 206 promo,https://www.cardrush-pokemon.jp/product/1143
pikachu 407 promo,https://www.cardrush-pokemon.jp/product/5620
pikachu zekrom 112 095,https://www.cardrush-pokemon.jp/product/2709
emolga 062 060,https://www.cardrush-pokemon.jp/product/18960
manectric 096 088,https://www.cardrush-pokemon.jp/product/3915
pikachu 325 promo,https://www.cardrush-pokemon.jp/product/3615
pikachu 008 027,https://www.cardrush-pokemon.jp/product/1168
pikachu 036 promo,https://www.cardrush-pokemon.jp/product/7614
pikachu 008 promo,https://www.cardrush-pokemon.jp/product/1157
pikachu 205 172,https://www.cardrush-pokemon.jp/product/38385
jolteon 079 069,https://www.cardrush-pokemon.jp/product/20745
pikachu 283 promo,https://www.cardrush-pokemon.jp/product/2859
zapdos 020 072,https://www.cardrush-pokemon.jp/product/18905
pikachu 043 pcg,https://www.cardrush-pokemon.jp/product/14723
raichu 057 054,https://www.cardrush-pokemon.jp/product/3999
pikachu 001 030,https://www.cardrush-pokemon.jp/product/45825
pikachu zekrom 221 173,https://www.cardrush-pokemon.jp/product/6061
pikachu 005 026,https://www.cardrush-pokemon.jp/product/642
raikou 071 069,https://www.cardrush-pokemon.jp/product/18920
pikachu V 001 015,https://www.cardrush-pokemon.jp/product/23852
pikachu 001 promo s-p,https://www.cardrush-pokemon.jp/product/18454
pikachu pitch promo,https://www.cardrush-pokemon.jp/product/17857
pikachu 088 promo sm,https://www.cardrush-pokemon.jp/product/947
pikachu 393 promo sm,https://www.cardrush-pokemon.jp/product/18453
miraidon 048 sv promo,https://www.cardrush-pokemon.jp/product/40606
pichu 045 promo,https://www.cardrush-pokemon.jp/product/20985
pikachu 114 100,https://www.cardrush-pokemon.jp/product/14602
jolteon 173 171,https://www.cardrush-pokemon.jp/product/644
pikachu 072 promo,https://www.cardrush-pokemon.jp/product/635
pikachu 073 promo,https://www.cardrush-pokemon.jp/product/636
pikachu 074 promo,https://www.cardrush-pokemon.jp/product/637
pikachu 075 promo,https://www.cardrush-pokemon.jp/product/638
pikachu 076 promo,https://www.cardrush-pokemon.jp/product/639
pikachu 086 promo,https://www.cardrush-pokemon.jp/product/640
pikachu 071 promo,https://www.cardrush-pokemon.jp/product/641
pikachu 210 promo,https://www.cardrush-pokemon.jp/product/734
pikachu 323 promo,https://www.cardrush-pokemon.jp/product/38029
pikachu 338 promo,https://www.cardrush-pokemon.jp/product/4452
pikachu 005 promo sm,https://www.cardrush-pokemon.jp/product/634
pikachu 247 promo,https://www.cardrush-pokemon.jp/product/1458
raichu 079 072,https://www.cardrush-pokemon.jp/product/1556
pikachu 044 promo,https://www.cardrush-pokemon.jp/product/18660
pikachu 055 promo easter,https://www.cardrush-pokemon.jp/product/194
emolga 023 020,https://www.cardrush-pokemon.jp/product/18933
pikachu 227/s-p promo,https://www.cardrush-pokemon.jp/product/21890
pikachu 281 promo,https://www.cardrush-pokemon.jp/product/2857
zapdos 038 092,https://www.cardrush-pokemon.jp/product/20998
raikou suicune 067 068 080,https://www.cardrush-pokemon.jp/product/1726
pikachu 221 xy promo,https://www.cardrush-pokemon.jp/product/292
pichu 078 pcg,https://www.cardrush-pokemon.jp/product/18809
pikachu 019 053,https://www.cardrush-pokemon.jp/product/21380
pikachu 029 072,https://www.cardrush-pokemon.jp/product/1126
pikachu 013 051,https://www.cardrush-pokemon.jp/product/1127
pikachu 074 promo tanto,https://www.cardrush-pokemon.jp/product/46119
pikachu 022 053,https://www.cardrush-pokemon.jp/product/20959
pikachu 011 049,https://www.cardrush-pokemon.jp/product/1119
pikachu 023 052,https://www.cardrush-pokemon.jp/product/20968
dedenne 057 055,https://www.cardrush-pokemon.jp/product/2924
pikachu 031 090,https://www.cardrush-pokemon.jp/product/20965
pikachu 007 012,https://www.cardrush-pokemon.jp/product/20971
pikachu 036 131 reverse,https://www.cardrush-pokemon.jp/product/1118
pikachu 001 010,https://www.cardrush-pokemon.jp/product/1121
pikachu 339 promo sm,https://www.cardrush-pokemon.jp/product/4390
pikachu 032 070,https://www.cardrush-pokemon.jp/product/20962
pikachu 004 015,https://www.cardrush-pokemon.jp/product/1124
pikachu 032 070 reverse,https://www.cardrush-pokemon.jp/product/20963
pikachu 024 092,https://www.cardrush-pokemon.jp/product/20964
pikachu 001 011,https://www.cardrush-pokemon.jp/product/20969
pichu 031 070,https://www.cardrush-pokemon.jp/product/20893
pichu 024 053,https://www.cardrush-pokemon.jp/product/20952
pikachu 057 taipei,https://www.cardrush-pokemon.jp/product/51893
pikachu 088 090,https://www.cardrush-pokemon.jp/product/20957
pikachu 108 promo,https://www.cardrush-pokemon.jp/product/1137
pikachu 114 promo,https://www.cardrush-pokemon.jp/product/1138
pikachu 004 promo,https://www.cardrush-pokemon.jp/product/20944
pikachu 227 promo sm,https://www.cardrush-pokemon.jp/product/2114
pichu 031 070 holo reverse,https://www.cardrush-pokemon.jp/product/35556
pikachu 012 022,https://www.cardrush-pokemon.jp/product/20953
zapdos 024 promo,https://www.cardrush-pokemon.jp/product/48152
pikachu 001 015,https://www.cardrush-pokemon.jp/product/20956
pichu 011 022,https://www.cardrush-pokemon.jp/product/20915
pichu 009 022,https://www.cardrush-pokemon.jp/product/20916
pichu 010 022,https://www.cardrush-pokemon.jp/product/20917
pikachu 023 adv,https://www.cardrush-pokemon.jp/product/20946
pikachu 207 promo ,https://www.cardrush-pokemon.jp/product/1144
pikachu 200 promo,https://www.cardrush-pokemon.jp/product/1142
pikachu whf 001 015,https://www.cardrush-pokemon.jp/product/20955
pikachu 004 015 holo,https://www.cardrush-pokemon.jp/product/64
pikachu 004 015,https://www.cardrush-pokemon.jp/product/1125
pikachu 003 sm promo,https://www.cardrush-pokemon.jp/product/1151
pikachu 003 009,https://www.cardrush-pokemon.jp/product/20970
pikachu 153 pcg,https://www.cardrush-pokemon.jp/product/20958
pikachu 064 xy promo,https://www.cardrush-pokemon.jp/product/1164
pikachu 163 bw promo,https://www.cardrush-pokemon.jp/product/20948
pikachu 057 adv,https://www.cardrush-pokemon.jp/product/18851
pikachu 064 xy promo,https://www.cardrush-pokemon.jp/product/2755
pikachu 064 xy promo,https://www.cardrush-pokemon.jp/product/1166
pikachu 064 xy promo,https://www.cardrush-pokemon.jp/product/1167
pikachu 021 promo,https://www.cardrush-pokemon.jp/product/20949
pikachu 262 sm promo,https://www.cardrush-pokemon.jp/product/5241
pikachu 113 dp promo,https://www.cardrush-pokemon.jp/product/20947
pikachu 108 bw promo,https://www.cardrush-pokemon.jp/product/18853
pikachu 156 xy promo,https://www.cardrush-pokemon.jp/product/1153
pikachu 033 088,https://www.cardrush-pokemon.jp/product/21000
pikachu detective 099 promo,https://www.cardrush-pokemon.jp/product/13984
pikachu ana flying,https://www.cardrush-pokemon.jp/product/793
pikachu 259 xy promo,https://www.cardrush-pokemon.jp/product/1165
pikachu 024 adv,https://www.cardrush-pokemon.jp/product/20945
pikachu 276 sm promo,https://www.cardrush-pokemon.jp/product/2575
pichu 032 promo,https://www.cardrush-pokemon.jp/product/48155
pikachu 048 dp promo,https://www.cardrush-pokemon.jp/product/20941
pikachu 281 xy promo,https://www.cardrush-pokemon.jp/product/1149
raikou 061 promo,https://www.cardrush-pokemon.jp/product/18879
pikachu 151 bw promo,https://www.cardrush-pokemon.jp/product/20951
pikachu 085 van gogh,https://www.cardrush-pokemon.jp/product/50305
pikachu 043 pcg,https://www.cardrush-pokemon.jp/product/2854
pikachu 018 072,https://www.cardrush-pokemon.jp/product/1117
electabuzz 069 promo,https://www.cardrush-pokemon.jp/product/20907
pikachu 369 promo,https://www.cardrush-pokemon.jp/product/5277
pikachu 004 009,https://www.cardrush-pokemon.jp/product/2855
pikachu 282 promo,https://www.cardrush-pokemon.jp/product/2858
pikachu 070 xy promo,https://www.cardrush-pokemon.jp/product/1135
pichu 045 promo,https://www.cardrush-pokemon.jp/product/1183
zapdos 008 016,https://www.cardrush-pokemon.jp/product/48297
pikachu 068 xy promo,https://www.cardrush-pokemon.jp/product/1133
pikachu 069 xy promo,https://www.cardrush-pokemon.jp/product/1134
pikachu 120 bw promo,https://www.cardrush-pokemon.jp/product/18810
pikachu 007 020,https://www.cardrush-pokemon.jp/product/18834
pikachu 147 promo reverse,https://www.cardrush-pokemon.jp/product/17485
pikachu 203 xy promo,https://www.cardrush-pokemon.jp/product/1421
pikachu 098 dp promo,https://www.cardrush-pokemon.jp/product/18790
pikachu 099 dp promo,https://www.cardrush-pokemon.jp/product/18791
pikachu 100 dp promo,https://www.cardrush-pokemon.jp/product/18792
pikachu 101 dp promo,https://www.cardrush-pokemon.jp/product/18793
pikachu 102 dp promo,https://www.cardrush-pokemon.jp/product/18794
pikachu 105 promo,https://www.cardrush-pokemon.jp/product/17859
pikachu 098 xy promo,https://www.cardrush-pokemon.jp/product/1518
jolteon 186 bw,https://www.cardrush-pokemon.jp/product/22016
pikachu 079 promo,https://www.cardrush-pokemon.jp/product/4318
pikachu 001 xy promo,https://www.cardrush-pokemon.jp/product/1131
pikachu 016 047,https://www.cardrush-pokemon.jp/product/20972
pikachu 050 xy promo,https://www.cardrush-pokemon.jp/product/976
pikachu 044 promo,https://www.cardrush-pokemon.jp/product/1155
pichu 028 promo,https://www.cardrush-pokemon.jp/product/14441
pikachu 038 promo,https://www.cardrush-pokemon.jp/product/20950
pikachu 280 sm promo,https://www.cardrush-pokemon.jp/product/2856
pikachu 192 sm promo,https://www.cardrush-pokemon.jp/product/1388
pikachu 196 sm promo,https://www.cardrush-pokemon.jp/product/1392
pikachu 193 sm promo,https://www.cardrush-pokemon.jp/product/1393
pikachu 208 sm promo,https://www.cardrush-pokemon.jp/product/1057
pikachu 209 sm promo,https://www.cardrush-pokemon.jp/product/1182
pikachu 099 xy promo,https://www.cardrush-pokemon.jp/product/291
pikachu 194 sm promo,https://www.cardrush-pokemon.jp/product/1389
pikachu 197 sm promo,https://www.cardrush-pokemon.jp/product/1390
pikachu 195 sm promo,https://www.cardrush-pokemon.jp/product/1391
pikachu 057 dp promo,https://www.cardrush-pokemon.jp/product/20942
pikachu 056 xy promo,https://www.cardrush-pokemon.jp/product/1316
pikachu 019 lp promo,https://www.cardrush-pokemon.jp/product/7254
pikachu 014 sm promo,https://www.cardrush-pokemon.jp/product/889