greninja 339 promo,https://www.cardrush-pokemon.jp/product/38084
blastoise 018 071,https://www.cardrush-pokemon.jp/product/35744
manaphy 178 172,https://www.cardrush-pokemon.jp/product/38358
suicune 028 095,https://www.cardrush-pokemon.jp/product/1857
vaporeon 189 184,https://www.cardrush-pokemon.jp/product/22968
Popplio 051 promo,https://www.cardrush-pokemon.jp/product/19911
vaporeon 071 promo,https://www.cardrush-pokemon.jp/product/14115
manaphy 021 171,https://www.cardrush-pokemon.jp/product/1465
articuno 014 066,https://www.cardrush-pokemon.jp/product/1287
vaporeon 007 038,https://www.cardrush-pokemon.jp/product/2543
blastoise 010 054,https://www.cardrush-pokemon.jp/product/3072
greninja 006 053,https://www.cardrush-pokemon.jp/product/53063
greninja 003 053,https://www.cardrush-pokemon.jp/product/53113
greninja 004 038,https://www.cardrush-pokemon.jp/product/45851
wartortle 171 165,https://www.cardrush-pokemon.jp/product/43830
greninja 033 172,https://www.cardrush-pokemon.jp/product/38117
greninja 026 067,https://www.cardrush-pokemon.jp/product/33546
suicune 010 036,https://www.cardrush-pokemon.jp/product/18483